x, y,
-12310442, 5841036,
-12310085, 5840670,
-12309993, 5840779,
-12309001, 5841061,
-12307901, 5841159,
-12305194, 5840888,
-12303318, 5840058,
-12302059, 5839731,
-12300936, 5838690,
-12299830, 5837814,
-12298245, 5837243,
-12297224, 5836918,
-12296020, 5836591,
-12294418, 5835891,
-12293530, 5835256,
-12291533, 5834056,
-12290531, 5833712,
-12288267, 5833369,
-12286976, 5832728,
-12285534, 5832506,
-12284181, 5832432,
-12282295, 5832551,
-12280120, 5832428,
-12277706, 5832337,
-12276122, 5831854,
-12274995, 5831397,
-12273535, 5831155,
-12272426, 5830697,
-12271403, 5830645,
-12270196, 5829416,
-12269081, 5828244,
-12268475, 5827263,
-12268549, 5824864,
-12268274, 5823743,
-12268612, 5821990,
-12268655, 5819263,
-12268698, 5817689,
-12268972, 5815406,
-12268604, 5813241,
-12268161, 5812375,
-12267551, 5811706,
-12266893, 5810671,
-12266106, 5809653,
-12264732, 5807729,
-12263968, 5806491,
-12263474, 5805441,
-12262869, 5804517,
-12262225, 5803775,
-12261727, 5802999,
-12261316, 5802463,
-12260914, 5801414,
-12260655, 5800552,
-12260169, 5799100,
-12260092, 5797163,
-12260210, 5795540,
-12260504, 5794322,
-12260655, 5792919,
-12260529, 5791712,
-12260292, 5790613,
-12259445, 5787917,
-12259209, 5786837,
-12259450, 5785455,
-12259371, 5783667,
-12259710, 5782979,
-12260624, 5779441,
-12260780, 5778938,
-12262450, 5777012,
-12267680, 5771614,
-12268875, 5768337,
-12269427, 5766653,
-12269736, 5765475,
-12270400, 5763612,
-12270751, 5761962,
-12271198, 5759986,
-12271112, 5757330,
-12270939, 5754328,
-12270904, 5753019,
-12269298, 5751322,
-12268158, 5751196,
-12266621, 5750935,
-12264736, 5750868,
-12263578, 5750777,
-12261113, 5750681,
-12256903, 5749829,
-12254715, 5749519,
-12252740, 5749503,
-12250658, 5749320,
-12243899, 5747163,
-12241552, 5745685,
-12239657, 5744342,
-12237792, 5743307,
-12234945, 5741528,
-12232741, 5740305,
-12230830, 5738942,
-12229281, 5738548,
-12227292, 5737491,
-12225143, 5735452,
-12222803, 5733934,
-12219975, 5731554,
-12219238, 5730432,
-12216293, 5726853,
-12215561, 5725569,
-12214573, 5724093,
-12214464, 5723817,
-12214257, 5723377,
-12213643, 5722267,
-12212326, 5719612,
-12212086, 5718176,
-12211788, 5716106,
-12210844, 5712991,
-12210691, 5711116,
-12210237, 5709396,
-12209600, 5707971,
-12208506, 5706030,
-12207641, 5704347,
-12206612, 5702770,
-12205484, 5701587,
-12204253, 5700222,
-12202291, 5698497,
-12200880, 5697127,
-12198810, 5694677,
-12198013, 5693322,
-12197596, 5691868,
-12197501, 5690530,
-12197919, 5688807,
-12198262, 5687209,
-12199122, 5685859,
-12201195, 5683346,
-12201853, 5682135,
-12201953, 5680912,
-12201805, 5679502,
-12200925, 5678652,
-12199794, 5677761,
-12199127, 5677078,
-12197925, 5676185,
-12196445, 5674870,
-12195392, 5673764,
-12194430, 5672624,
-12193935, 5671531,
-12192918, 5669724,
-12192354, 5668468,
-12191746, 5667607,
-12191046, 5666833,
-12188916, 5666511,
-12186941, 5666462,
-12182772, 5664359,
-12181898, 5663437,
-12181510, 5662437,
-12180386, 5661437,
-12179146, 5660739,
-12178059, 5660459,
-12176416, 5660093,
-12175368, 5659670,
-12173967, 5659003,
-12171822, 5658694,
-12169892, 5657672,
-12167126, 5655061,
-12166380, 5654106,
-12165295, 5651758,
-12164938, 5650382,
-12164540, 5649185,
-12163583, 5648099,
-12163415, 5647663,
-12160293, 5646480,
-12159200, 5645785,
-12158152, 5644822,
-12157567, 5643925,
-12157252, 5643019,
-12156385, 5641988,
-12156023, 5640183,
-12155877, 5637056,
-12156080, 5635636,
-12154102, 5635832,
-12153013, 5636450,
-12151154, 5637306,
-12150352, 5637974,
-12149641, 5638821,
-12148915, 5640009,
-12147992, 5641377,
-12147063, 5641975,
-12145540, 5642344,
-12144145, 5643052,
-12142875, 5643741,
-12141192, 5644487,
-12140206, 5644655,
-12139291, 5644894,
-12138308, 5644874,
-12139721, 5643179,
-12141378, 5641452,
-12142949, 5638858,
-12143627, 5636025,
-12143677, 5633971,
-12143840, 5631667,
-12144806, 5625781,
-12146178, 5622439,
-12147568, 5619619,
-12149763, 5616109,
-12152491, 5612684,
-12158488, 5606892,
-12159057, 5606379,
-12159632, 5605574,
-12160176, 5604878,
-12161089, 5603438,
-12162695, 5600510,
-12163471, 5599244,
-12164245, 5598067,
-12164697, 5597502,
-12164951, 5597258,
-12165341, 5596401,
-12164571, 5595436,
-12164139, 5594498,
-12163681, 5593365,
-12163124, 5592246,
-12162618, 5591835,
-12162621, 5591292,
-12162581, 5590646,
-12162371, 5588771,
-12162210, 5588556,
-12161853, 5588166,
-12161697, 5587972,
-12161364, 5587458,
-12161080, 5586962,
-12160955, 5586783,
-12160687, 5586335,
-12160455, 5586102,
-12159330, 5584177,
-12159228, 5584057,
-12158179, 5584154,
-12155671, 5584634,
-12153204, 5584934,
-12150427, 5584724,
-12147515, 5584187,
-12144899, 5583262,
-12142002, 5582149,
-12139602, 5581156,
-12137574, 5579563,
-12136533, 5578425,
-12135930, 5576904,
-12136502, 5573944,
-12137858, 5571006,
-12139274, 5568428,
-12141126, 5566935,
-12143127, 5566627,
-12146486, 5566066,
-12150072, 5564900,
-12152611, 5562814,
-12153646, 5559583,
-12153679, 5556579,
-12153119, 5554670,
-12150796, 5550497,
-12150119, 5549236,
-12149242, 5547250,
-12148554, 5544804,
-12148756, 5543875,
-12147832, 5543168,
-12147382, 5542892,
-12146413, 5542009,
-12145410, 5540831,
-12144883, 5540046,
-12144400, 5539512,
-12144215, 5539270,
-12144205, 5539566,
-12144096, 5539984,
-12143899, 5540377,
-12143118, 5542394,
-12142903, 5542849,
-12142653, 5543216,
-12142421, 5543439,
-12142101, 5543662,
-12141782, 5543779,
-12141410, 5543814,
-12141003, 5543734,
-12140129, 5543376,
-12139794, 5543189,
-12139202, 5542903,
-12138586, 5542520,
-12138260, 5542252,
-12138048, 5542145,
-12138103, 5541823,
-12138331, 5540940,
-12138486, 5540164,
-12138525, 5539735,
-12138467, 5539129,
-12138365, 5538575,
-12138393, 5538290,
-12138566, 5537639,
-12138624, 5536997,
-12138600, 5536667,
-12138497, 5536150,
-12138255, 5535392,
-12137917, 5534544,
-12137177, 5533117,
-12137021, 5532707,
-12136741, 5531308,
-12136431, 5530416,
-12136201, 5529400,
-12136029, 5528884,
-12135832, 5528090,
-12135359, 5526726,
-12134943, 5525844,
-12134495, 5524730,
-12134186, 5523849,
-12134008, 5522994,
-12133785, 5522379,
-12133439, 5521640,
-12132773, 5519503,
-12132211, 5518488,
-12131936, 5517775,
-12131556, 5517045,
-12131461, 5516831,
-12130586, 5515541,
-12130087, 5514490,
-12129569, 5513546,
-12129337, 5513004,
-12128914, 5512301,
-12128441, 5511401,
-12128137, 5511028,
-12127502, 5510448,
-12127372, 5510270,
-12127320, 5510164,
-12127207, 5510039,
-12126841, 5509826,
-12126606, 5509629,
-12125799, 5508704,
-12125324, 5508010,
-12124362, 5506186,
-12124155, 5505883,
-12123769, 5505830,
-12122970, 5505783,
-12122348, 5505632,
-12121973, 5505444,
-12121669, 5505194,
-12120134, 5503734,
-12119491, 5503217,
-12118881, 5502869,
-12117727, 5502476,
-12116335, 5502215,
-12115933, 5502098,
-12115770, 5502409,
-12115674, 5502409,
-12114361, 5502138,
-12113985, 5501986,
-12113620, 5501727,
-12113405, 5501434,
-12113081, 5500793,
-12113058, 5500607,
-12113618, 5500102,
-12114249, 5499571,
-12114938, 5498640,
-12115481, 5498074,
-12115946, 5497471,
-12116339, 5497019,
-12116696, 5496558,
-12117088, 5496133,
-12117483, 5495522,
-12118068, 5494458,
-12118403, 5493722,
-12118518, 5493066,
-12118529, 5492887,
-12118646, 5492692,
-12118693, 5492444,
-12118596, 5491877,
-12118142, 5490535,
-12117869, 5490065,
-12117420, 5489585,
-12116950, 5488820,
-12116391, 5488119,
-12115848, 5487540,
-12115241, 5487131,
-12114788, 5487005,
-12114267, 5486676,
-12113611, 5486072,
-12112849, 5485510,
-12111064, 5484379,
-12110620, 5483686,
-12110477, 5483331,
-12110433, 5482844,
-12110300, 5482374,
-12110188, 5481771,
-12110035, 5479873,
-12109862, 5479234,
-12109626, 5478693,
-12109278, 5478090,
-12108927, 5477601,
-12108618, 5477290,
-12108220, 5477024,
-12107787, 5476782,
-12107335, 5476621,
-12106650, 5476301,
-12106080, 5475935,
-12105891, 5475722,
-12105713, 5475421,
-12105308, 5475065,
-12104915, 5474541,
-12104705, 5474079,
-12104203, 5473290,
-12103968, 5472775,
-12103805, 5472120,
-12103677, 5471437,
-12103628, 5470790,
-12103762, 5470127,
-12104044, 5469030,
-12104253, 5468571,
-12104484, 5468315,
-12104857, 5468017,
-12105554, 5467586,
-12106195, 5467358,
-12106486, 5467217,
-12107021, 5467060,
-12107713, 5466929,
-12108306, 5466940,
-12108872, 5467021,
-12109343, 5467051,
-12109891, 5467193,
-12110222, 5467194,
-12110360, 5466813,
-12110234, 5466486,
-12109988, 5466079,
-12109871, 5465795,
-12109866, 5465601,
-12109888, 5465279,
-12109945, 5465126,
-12110017, 5465002,
-12110123, 5464896,
-12110712, 5464172,
-12110839, 5463898,
-12110833, 5463749,
-12110747, 5463651,
-12110548, 5463545,
-12110089, 5463366,
-12109848, 5463170,
-12109610, 5462851,
-12109408, 5462443,
-12109272, 5461762,
-12109142, 5460232,
-12109054, 5459780,
-12108887, 5459427,
-12108750, 5459276,
-12108585, 5459222,
-12108331, 5459266,
-12108111, 5459397,
-12107744, 5459917,
-12107229, 5460914,
-12107015, 5461161,
-12106599, 5461487,
-12106361, 5461610,
-12105818, 5461757,
-12105504, 5461747,
-12105174, 5461657,
-12104846, 5461470,
-12104416, 5461195,
-12104124, 5460919,
-12103011, 5459385,
-12102742, 5458879,
-12102634, 5458561,
-12102590, 5458155,
-12102639, 5457845,
-12102904, 5457687,
-12104341, 5458666,
-12104592, 5458773,
-12104827, 5458783,
-12105046, 5458713,
-12105250, 5458564,
-12105357, 5458422,
-12105440, 5458193,
-12105430, 5457795,
-12105376, 5457424,
-12105408, 5457070,
-12105600, 5456602,
-12106194, 5455597,
-12106388, 5454998,
-12106440, 5454565,
-12106400, 5454388,
-12106272, 5454220,
-12106107, 5454175,
-12105941, 5454192,
-12105536, 5454428,
-12105147, 5454763,
-12104693, 5455265,
-12103984, 5455906,
-12103535, 5456143,
-12103281, 5456213,
-12103260, 5455912,
-12103176, 5455762,
-12102987, 5455637,
-12102476, 5455450,
-12101428, 5455109,
-12100876, 5454859,
-12099910, 5454316,
-12099074, 5453888,
-12098697, 5453576,
-12098355, 5453240,
-12098092, 5452894,
-12097950, 5452584,
-12097830, 5452062,
-12097848, 5451612,
-12097977, 5451215,
-12098139, 5450968,
-12098255, 5450854,
-12098552, 5450793,
-12099118, 5450806,
-12099537, 5450737,
-12099888, 5450624,
-12100082, 5450483,
-12100279, 5450219,
-12100380, 5449963,
-12100483, 5449558,
-12100490, 5449240,
-12100436, 5448869,
-12100364, 5448533,
-12100246, 5448356,
-12100091, 5448267,
-12099545, 5448159,
-12099075, 5448156,
-12098752, 5448216,
-12098383, 5448364,
-12098049, 5448548,
-12097883, 5448547,
-12097650, 5448450,
-12097324, 5448201,
-12096815, 5448004,
-12096157, 5447833,
-12095818, 5447804,
-12095120, 5447889,
-12094885, 5447862,
-12094428, 5447692,
-12094119, 5447469,
-12093984, 5447230,
-12093971, 5447053,
-12094056, 5446745,
-12094200, 5446507,
-12094342, 5446385,
-12094967, 5446026,
-12095553, 5445473,
-12095967, 5445219,
-12096825, 5444968,
-12097243, 5444952,
-12098249, 5445115,
-12098594, 5445224,
-12098809, 5445348,
-12099570, 5446049,
-12100067, 5446439,
-12100325, 5446581,
-12100584, 5446653,
-12100942, 5446620,
-12101108, 5446577,
-12101363, 5446437,
-12101577, 5446190,
-12101632, 5446049,
-12101619, 5445811,
-12101426, 5445466,
-12101138, 5445059,
-12101057, 5444784,
-12101097, 5444502,
-12101179, 5444309,
-12101365, 5444124,
-12102063, 5443615,
-12103064, 5443090,
-12103417, 5442836,
-12103657, 5442572,
-12103783, 5442378,
-12103822, 5442149,
-12103723, 5441884,
-12103536, 5441627,
-12103262, 5441432,
-12102924, 5441387,
-12102662, 5441430,
-12102242, 5441587,
-12101346, 5442024,
-12101119, 5442085,
-12100919, 5442057,
-12100782, 5441951,
-12100690, 5441783,
-12100676, 5441623,
-12100715, 5441421,
-12100877, 5441148,
-12101116, 5440938,
-12101370, 5440815,
-12101949, 5440580,
-12103381, 5440233,
-12104454, 5440026,
-12104805, 5439869,
-12105128, 5439808,
-12105683, 5439846,
-12106023, 5439820,
-12106425, 5439699,
-12106514, 5439602,
-12106519, 5439311,
-12106298, 5439054,
-12105937, 5438841,
-12105514, 5438698,
-12105231, 5438494,
-12105011, 5438219,
-12104683, 5437654,
-12104351, 5437300,
-12103861, 5437008,
-12103474, 5436820,
-12102775, 5436571,
-12102432, 5436357,
-12102202, 5436127,
-12101991, 5435835,
-12101900, 5435605,
-12101887, 5435376,
-12101970, 5435112,
-12102113, 5434946,
-12102271, 5434823,
-12102743, 5434675,
-12103118, 5434614,
-12103612, 5434661,
-12104071, 5434725,
-12104341, 5434708,
-12104664, 5434603,
-12105024, 5434376,
-12105282, 5434077,
-12105640, 5433550,
-12106791, 5431933,
-12107226, 5431396,
-12107801, 5430844,
-12108438, 5430185,
-12108703, 5429957,
-12108993, 5429773,
-12109365, 5429836,
-12110300, 5429910,
-12111293, 5430169,
-12111931, 5430418,
-12112269, 5430446,
-12112599, 5430393,
-12113018, 5430271,
-12113526, 5430035,
-12114522, 5429175,
-12114882, 5428913,
-12115459, 5428685,
-12116165, 5428457,
-12116376, 5428334,
-12116499, 5428230,
-12116589, 5428028,
-12116612, 5427719,
-12116515, 5427339,
-12116379, 5427181,
-12116225, 5427075,
-12114709, 5426480,
-12114442, 5426356,
-12114177, 5426152,
-12113702, 5425579,
-12113411, 5425348,
-12113068, 5425181,
-12112602, 5425029,
-12112196, 5424984,
-12111969, 5425027,
-12111593, 5425210,
-12111048, 5425631,
-12110733, 5425797,
-12110297, 5425919,
-12109584, 5426005,
-12108882, 5425985,
-12108330, 5425860,
-12108088, 5425779,
-12108247, 5425639,
-12108357, 5425314,
-12108455, 5424742,
-12108506, 5424310,
-12108474, 5423747,
-12108419, 5423448,
-12108285, 5423183,
-12107987, 5422883,
-12107920, 5422785,
-12107888, 5422636,
-12108169, 5422003,
-12108207, 5421844,
-12108210, 5421677,
-12108397, 5421423,
-12108589, 5421327,
-12109076, 5421223,
-12110275, 5421050,
-12111441, 5420817,
-12111869, 5420616,
-12112350, 5420345,
-12112769, 5420170,
-12113335, 5420049,
-12114515, 5419955,
-12115199, 5419967,
-12116080, 5420084,
-12117212, 5420263,
-12117911, 5420396,
-12118170, 5420423,
-12118579, 5420328,
-12119843, 5419864,
-12121091, 5419304,
-12121902, 5419008,
-12122570, 5418912,
-12122928, 5418780,
-12123361, 5418451,
-12123650, 5418287,
-12123865, 5418090,
-12124261, 5417810,
-12124514, 5417686,
-12124764, 5417451,
-12125235, 5417204,
-12125584, 5417089,
-12126008, 5416357,
-12126134, 5416106,
-12126275, 5415530,
-12126245, 5415396,
-12126172, 5414776,
-12126163, 5414505,
-12126181, 5414235,
-12126170, 5413877,
-12126901, 5413118,
-12128107, 5411759,
-12128781, 5411199,
-12129599, 5410864,
-12131310, 5410363,
-12132167, 5410142,
-12132347, 5410113,
-12132728, 5409986,
-12132994, 5409919,
-12133768, 5409573,
-12134586, 5408916,
-12135004, 5408607,
-12135675, 5408175,
-12136065, 5408062,
-12136622, 5407807,
-12136884, 5407631,
-12137365, 5407245,
-12137805, 5406683,
-12137949, 5406322,
-12137996, 5406077,
-12137950, 5405654,
-12137850, 5405365,
-12137583, 5404732,
-12137057, 5403993,
-12136675, 5403572,
-12136410, 5403343,
-12136025, 5403071,
-12135745, 5402780,
-12135475, 5402288,
-12135426, 5402086,
-12135482, 5401841,
-12135597, 5401638,
-12135920, 5401392,
-12136425, 5401138,
-12137206, 5400884,
-12137449, 5400787,
-12137625, 5400560,
-12137732, 5400323,
-12137753, 5400059,
-12137712, 5399875,
-12137576, 5399690,
-12137397, 5399541,
-12136857, 5399320,
-12136514, 5399145,
-12136126, 5398877,
-12136765, 5398661,
-12137142, 5398554,
-12137803, 5398074,
-12139278, 5397815,
-12144140, 5397759,
-12144291, 5397237,
-12144241, 5396075,
-12144441, 5395101,
-12145091, 5393342,
-12147039, 5394075,
-12147592, 5394848,
-12148334, 5395732,
-12149794, 5397367,
-12151554, 5398738,
-12153935, 5399354,
-12156774, 5399238,
-12160320, 5398577,
-12164189, 5397425,
-12167753, 5394922,
-12168520, 5392647,
-12168806, 5392782,
-12169577, 5393333,
-12169954, 5393691,
-12170176, 5393945,
-12170738, 5394847,
-12171672, 5396688,
-12172045, 5397547,
-12172375, 5398407,
-12172569, 5398986,
-12172883, 5399599,
-12173290, 5400590,
-12173477, 5400958,
-12173870, 5401511,
-12174230, 5401896,
-12174917, 5402430,
-12175416, 5402752,
-12176095, 5403251,
-12176887, 5403750,
-12177430, 5403940,
-12178439, 5404428,
-12178637, 5404507,
-12178755, 5404533,
-12179432, 5404866,
-12179757, 5404958,
-12180774, 5405375,
-12181469, 5405773,
-12181906, 5405968,
-12182302, 5406055,
-12182556, 5406149,
-12183492, 5406318,
-12183742, 5406304,
-12184196, 5406062,
-12184370, 5405944,
-12184438, 5405867,
-12184606, 5405605,
-12184912, 5405360,
-12185207, 5405279,
-12185466, 5405304,
-12185674, 5405399,
-12185802, 5405574,
-12185862, 5405777,
-12185874, 5406594,
-12185982, 5407279,
-12186066, 5407639,
-12186238, 5407920,
-12186616, 5408348,
-12186926, 5408584,
-12187168, 5408654,
-12187394, 5408591,
-12187620, 5408467,
-12187933, 5408228,
-12188115, 5408183,
-12188236, 5408217,
-12188451, 5408445,
-12188831, 5408707,
-12189029, 5408934,
-12189226, 5409215,
-12189500, 5409908,
-12189539, 5410524,
-12189538, 5410805,
-12189606, 5410998,
-12189692, 5411051,
-12189822, 5411067,
-12190135, 5410977,
-12190422, 5410773,
-12190735, 5410482,
-12190858, 5410226,
-12190834, 5409893,
-12190766, 5409620,
-12190449, 5408866,
-12190081, 5408164,
-12189763, 5407736,
-12189281, 5407264,
-12188806, 5406931,
-12188479, 5406652,
-12188342, 5406371,
-12188352, 5406134,
-12188440, 5405948,
-12188631, 5405755,
-12188987, 5405542,
-12189195, 5405541,
-12189437, 5405628,
-12189714, 5405599,
-12190095, 5405518,
-12190468, 5405534,
-12190882, 5405664,
-12191237, 5405680,
-12191549, 5405661,
-12191653, 5405598,
-12191749, 5405448,
-12191959, 5405044,
-12192089, 5404981,
-12192245, 5404962,
-12192331, 5405015,
-12192555, 5405321,
-12192589, 5405426,
-12193451, 5406195,
-12193899, 5406712,
-12194689, 5408026,
-12195232, 5408567,
-12195396, 5408759,
-12195464, 5408988,
-12195463, 5409120,
-12195367, 5409278,
-12195046, 5409544,
-12194958, 5409694,
-12194949, 5409896,
-12195000, 5410045,
-12195276, 5410326,
-12195353, 5410519,
-12195344, 5410678,
-12195265, 5410773,
-12195152, 5410836,
-12194953, 5410838,
-12194814, 5410865,
-12194744, 5410971,
-12194744, 5411076,
-12194821, 5411198,
-12195011, 5411321,
-12195574, 5411503,
-12195989, 5411580,
-12196726, 5411601,
-12197194, 5411510,
-12197490, 5411262,
-12197708, 5411023,
-12197996, 5410442,
-12198188, 5410203,
-12198423, 5410070,
-12198864, 5410085,
-12199116, 5410048,
-12199359, 5409923,
-12199707, 5409605,
-12200003, 5409225,
-12200194, 5409101,
-12200420, 5409038,
-12200602, 5409064,
-12200749, 5409167,
-12200826, 5409316,
-12200843, 5409448,
-12200790, 5409642,
-12200494, 5410119,
-12200493, 5410339,
-12200553, 5410400,
-12200709, 5410425,
-12201073, 5410422,
-12201391, 5410511,
-12201775, 5410517,
-12204208, 5410132,
-12205488, 5409787,
-12207014, 5409264,
-12208895, 5409234,
-12210521, 5409990,
-12211302, 5410490,
-12212152, 5410503,
-12212765, 5410086,
-12213857, 5410103,
-12214376, 5409853,
-12214754, 5409609,
-12216339, 5410311,
-12217323, 5412097,
-12218009, 5412481,
-12218665, 5413222,
-12219137, 5414143,
-12219673, 5414882,
-12220515, 5415443,
-12221780, 5416070,
-12222934, 5416087,
-12223734, 5415307,
-12224055, 5414093,
-12224863, 5412825,
-12226333, 5411871,
-12227734, 5411526,
-12229496, 5411367,
-12230049, 5410888,
-12230065, 5409670,
-12230028, 5407965,
-12229743, 5406621,
-12229602, 5406125,
-12228599, 5405619,
-12227705, 5404676,
-12228089, 5402528,
-12226837, 5402443,
-12223803, 5402349,
-12222859, 5402164,
-12221174, 5401337,
-12218536, 5399896,
-12218497, 5399683,
-12217843, 5399209,
-12217000, 5398831,
-12215553, 5398323,
-12214051, 5397448,
-12212791, 5396638,
-12211841, 5395407,
-12211136, 5393998,
-12209756, 5393186,
-12208022, 5391760,
-12207624, 5390113,
-12205838, 5388261,
-12201491, 5383877,
-12196003, 5382811,
-12192765, 5381176,
-12191565, 5380609,
-12189967, 5378638,
-12189332, 5376988,
-12188686, 5375884,
-12188104, 5374660,
-12186617, 5373298,
-12185049, 5369873,
-12184586, 5368773,
-12184068, 5367369,
-12183786, 5366273,
-12183706, 5366062,
-12182601, 5364684,
-12180316, 5362751,
-12178263, 5361219,
-12176321, 5359844,
-12175148, 5359576,
-12174128, 5357476,
-12173877, 5357036,
-12173591, 5356624,
-12173432, 5356432,
-12173260, 5356250,
-12172888, 5355907,
-12171895, 5355097,
-12171516, 5354756,
-12171165, 5354389,
-12170325, 5353434,
-12169966, 5353078,
-12169574, 5352760,
-12167278, 5351159,
-12166884, 5350842,
-12166522, 5350492,
-12166186, 5350114,
-12165869, 5349716,
-12165121, 5348684,
-12164839, 5348263,
-12164175, 5347180,
-12163743, 5346553,
-12163277, 5345952,
-12162319, 5344769,
-12161242, 5343349,
-12160912, 5342969,
-12160735, 5342790,
-12160536, 5342628,
-12160316, 5342490,
-12160083, 5342383,
-12159841, 5342314,
-12159318, 5342241,
-12158210, 5342192,
-12157694, 5342142,
-12157461, 5342094,
-12157250, 5342025,
-12157065, 5341930,
-12156924, 5341792,
-12156850, 5341588,
-12156829, 5341336,
-12156843, 5341051,
-12156958, 5339937,
-12157131, 5338933,
-12157174, 5338421,
-12157172, 5338161,
-12157129, 5337915,
-12157033, 5337688,
-12156900, 5337466,
-12156740, 5337259,
-12156558, 5337078,
-12156359, 5336930,
-12156143, 5336802,
-12155450, 5336475,
-12155007, 5336228,
-12154619, 5335906,
-12154256, 5335548,
-12153509, 5334864,
-12152653, 5333928,
-12152179, 5333335,
-12151442, 5332304,
-12150609, 5331033,
-12150121, 5330143,
-12149726, 5329491,
-12149498, 5329040,
-12149050, 5327855,
-12148711, 5326897,
-12148398, 5325931,
-12148121, 5324958,
-12147984, 5324211,
-12147780, 5322701,
-12147664, 5322209,
-12147524, 5321719,
-12147362, 5321236,
-12147078, 5320533,
-12146960, 5320312,
-12146485, 5319715,
-12146343, 5319503,
-12145815, 5318615,
-12145665, 5318419,
-12145496, 5318248,
-12145275, 5318153,
-12144755, 5318067,
-12144532, 5317954,
-12144321, 5317819,
-12143105, 5316905,
-12142056, 5316200,
-12141668, 5315878,
-12141072, 5315317,
-12140273, 5314336,
-12139917, 5313979,
-12139346, 5313479,
-12138996, 5313114,
-12137450, 5311445,
-12136108, 5309933,
-12135518, 5309112,
-12134757, 5308101,
-12134327, 5307478,
-12133712, 5306374,
-12133136, 5305537,
-12132867, 5305113,
-12132852, 5304859,
-12132721, 5304658,
-12132556, 5304471,
-12131866, 5303736,
-12130612, 5302478,
-12128931, 5300951,
-12127638, 5299744,
-12127064, 5299254,
-12126188, 5298725,
-12126003, 5298562,
-12125709, 5298165,
-12125452, 5297733,
-12124759, 5296369,
-12123423, 5293932,
-12123027, 5293288,
-12122111, 5292080,
-12121834, 5291660,
-12121580, 5291224,
-12120609, 5289452,
-12119153, 5287090,
-12118688, 5286186,
-12118548, 5285981,
-12118205, 5285617,
-12117059, 5284624,
-12116526, 5284088,
-12115530, 5282949,
-12114578, 5281774,
-12114441, 5281562,
-12114329, 5281335,
-12114232, 5281101,
-12113817, 5279903,
-12113711, 5279677,
-12113586, 5279462,
-12113144, 5278854,
-12112176, 5277684,
-12111594, 5276859,
-12111201, 5276213,
-12111088, 5275989,
-12110694, 5275059,
-12110204, 5274179,
-12109803, 5273536,
-12109521, 5273119,
-12108470, 5271694,
-12107983, 5271115,
-12107451, 5270588,
-12107048, 5270295,
-12106168, 5269787,
-12105740, 5269521,
-12105350, 5269208,
-12105008, 5268838,
-12104365, 5268050,
-12104012, 5267699,
-12103806, 5267564,
-12103071, 5267319,
-12102860, 5267193,
-12102516, 5266836,
-12102015, 5266280,
-12101367, 5265513,
-12099631, 5263340,
-12098990, 5262561,
-12097471, 5260883,
-12095556, 5258551,
-12095354, 5258394,
-12095124, 5257954,
-12094718, 5257032,
-12094441, 5256326,
-12093928, 5254894,
-12093789, 5254409,
-12093695, 5253920,
-12093666, 5253426,
-12093705, 5252925,
-12093864, 5251919,
-12093937, 5251143,
-12093991, 5250895,
-12094096, 5250678,
-12094401, 5250292,
-12095766, 5248701,
-12096142, 5247995,
-12097247, 5246714,
-12097812, 5245596,
-12098091, 5244113,
-12098382, 5242153,
-12099156, 5239909,
-12100617, 5238578,
-12103858, 5237294,
-12106028, 5236042,
-12108725, 5235100,
-12110877, 5234501,
-12112716, 5234549,
-12114742, 5234244,
-12115688, 5234387,
-12115821, 5234391,
-12117471, 5233957,
-12118881, 5234193,
-12120622, 5233702,
-12122839, 5234170,
-12124737, 5233572,
-12126201, 5232946,
-12127760, 5232393,
-12129704, 5232129,
-12132079, 5232489,
-12133405, 5232734,
-12136444, 5232917,
-12137537, 5233962,
-12138627, 5235606,
-12139441, 5237116,
-12139990, 5238578,
-12140355, 5240578,
-12140624, 5242506,
-12142104, 5243841,
-12143629, 5243034,
-12144418, 5241900,
-12145990, 5241427,
-12147884, 5242021,
-12149935, 5242507,
-12152120, 5242718,
-12154606, 5243229,
-12155675, 5245303,
-12156095, 5245691,
-12156963, 5246094,
-12157209, 5246262,
-12157850, 5246467,
-12158147, 5246472,
-12158570, 5246579,
-12158714, 5246549,
-12159532, 5246693,
-12159707, 5246751,
-12159948, 5246883,
-12160283, 5247135,
-12160376, 5247152,
-12160525, 5247355,
-12160678, 5247453,
-12161326, 5247583,
-12161768, 5247558,
-12161896, 5247614,
-12162022, 5247780,
-12162571, 5247925,
-12162779, 5248153,
-12163113, 5248088,
-12163305, 5248135,
-12163518, 5248390,
-12163920, 5248674,
-12164143, 5248744,
-12164225, 5248797,
-12164359, 5248962,
-12164864, 5248929,
-12164930, 5248864,
-12165067, 5248854,
-12165205, 5249037,
-12165301, 5249061,
-12165414, 5249008,
-12165442, 5248885,
-12165422, 5248612,
-12165380, 5248443,
-12165365, 5248271,
-12165301, 5248091,
-12165269, 5247863,
-12165315, 5247271,
-12165391, 5247132,
-12165526, 5247104,
-12165736, 5247118,
-12166004, 5247287,
-12166204, 5247354,
-12166457, 5247301,
-12166598, 5247127,
-12166590, 5246827,
-12166734, 5246677,
-12166898, 5246672,
-12167253, 5246544,
-12167699, 5246500,
-12167925, 5246382,
-12167996, 5246329,
-12168192, 5246241,
-12168373, 5246173,
-12168543, 5246141,
-12168709, 5246272,
-12168883, 5246455,
-12169036, 5246554,
-12169321, 5246480,
-12169553, 5246645,
-12169745, 5246592,
-12170033, 5246294,
-12170312, 5246246,
-12170559, 5246332,
-12170819, 5246511,
-12171186, 5246279,
-12171463, 5246335,
-12171614, 5246537,
-12171672, 5246702,
-12171774, 5246808,
-12171920, 5246796,
-12171988, 5246666,
-12172078, 5246627,
-12172443, 5246628,
-12172604, 5246596,
-12172669, 5246506,
-12172653, 5246392,
-12172661, 5246175,
-12172859, 5245889,
-12173050, 5245832,
-12173001, 5245686,
-12173329, 5245087,
-12173598, 5244946,
-12173899, 5244884,
-12174177, 5244804,
-12174403, 5244649,
-12174539, 5244589,
-12174777, 5244658,
-12174976, 5244610,
-12175196, 5244702,
-12175347, 5244742,
-12175535, 5244613,
-12175715, 5244424,
-12175805, 5244186,
-12175947, 5244023,
-12176254, 5244000,
-12176696, 5244061,
-12176907, 5244236,
-12176991, 5244388,
-12177299, 5244594,
-12177376, 5244530,
-12177579, 5244592,
-12177882, 5244836,
-12178114, 5244865,
-12178308, 5244920,
-12178533, 5245052,
-12178707, 5245110,
-12178915, 5244978,
-12179040, 5244837,
-12179217, 5244772,
-12179593, 5244801,
-12179735, 5244781,
-12180025, 5244207,
-12180161, 5243860,
-12180283, 5243700,
-12180587, 5243657,
-12180824, 5243582,
-12180902, 5243407,
-12180992, 5243026,
-12181134, 5242863,
-12181400, 5242702,
-12181745, 5242654,
-12182185, 5242694,
-12182682, 5242849,
-12183102, 5243036,
-12183877, 5243070,
-12184990, 5243507,
-12185912, 5244089,
-12186893, 5244247,
-12187732, 5244247,
-12188219, 5244297,
-12188881, 5245153,
-12189167, 5246301,
-12189410, 5246741,
-12189905, 5247265,
-12190115, 5247889,
-12189998, 5248737,
-12190300, 5249170,
-12193070, 5252163,
-12195364, 5254750,
-12196372, 5256331,
-12196491, 5257563,
-12196500, 5258037,
-12195719, 5258862,
-12195871, 5259911,
-12196401, 5260669,
-12197040, 5260935,
-12197343, 5261368,
-12197604, 5262342,
-12197999, 5262583,
-12198135, 5263516,
-12198328, 5264024,
-12198556, 5264349,
-12198985, 5264823,
-12199019, 5265473,
-12199162, 5266048,
-12199247, 5266632,
-12199542, 5267006,
-12199719, 5267398,
-12199736, 5267931,
-12200140, 5268231,
-12200342, 5268797,
-12200318, 5269456,
-12200092, 5269965,
-12199663, 5270324,
-12199445, 5270891,
-12199614, 5271642,
-12199884, 5272258,
-12199943, 5272667,
-12200474, 5273008,
-12200954, 5273833,
-12201333, 5274375,
-12201611, 5274633,
-12201818, 5274862,
-12201906, 5274719,
-12202052, 5274827,
-12202230, 5274814,
-12202421, 5274755,
-12202608, 5274633,
-12202719, 5274381,
-12202796, 5274249,
-12202884, 5274148,
-12203022, 5274077,
-12203145, 5274040,
-12203633, 5273958,
-12203950, 5273970,
-12204316, 5274026,
-12204716, 5273968,
-12204870, 5273869,
-12204915, 5273758,
-12204986, 5273695,
-12205113, 5273465,
-12205139, 5273091,
-12205202, 5272791,
-12205340, 5272638,
-12205392, 5272446,
-12205627, 5272412,
-12205739, 5272263,
-12205858, 5271982,
-12206093, 5271763,
-12206339, 5271436,
-12206532, 5270932,
-12206632, 5270520,
-12206494, 5270302,
-12206546, 5270109,
-12206739, 5269605,
-12207004, 5269223,
-12207030, 5269034,
-12206932, 5268730,
-12207208, 5268611,
-12207574, 5268744,
-12207952, 5268955,
-12208318, 5268717,
-12208530, 5268527,
-12208530, 5268342,
-12208750, 5268205,
-12209415, 5268374,
-12209833, 5268314,
-12210274, 5268409,
-12210965, 5268389,
-12211170, 5267963,
-12211214, 5267718,
-12211371, 5267510,
-12211602, 5267265,
-12211650, 5267047,
-12211776, 5266632,
-12212000, 5266520,
-12212717, 5266496,
-12212836, 5266400,
-12212921, 5266070,
-12212901, 5265755,
-12213625, 5265413,
-12213632, 5265279,
-12213718, 5265135,
-12214184, 5265041,
-12214270, 5264897,
-12214889, 5264754,
-12215202, 5264524,
-12215751, 5264260,
-12216320, 5263595,
-12216883, 5263250,
-12217486, 5262819,
-12218229, 5262605,
-12219590, 5262250,
-12220217, 5262159,
-12220594, 5261999,
-12220895, 5261691,
-12220965, 5261257,
-12221282, 5261238,
-12221551, 5261437,
-12221794, 5261455,
-12222171, 5261294,
-12222634, 5261359,
-12222809, 5261281,
-12223088, 5261003,
-12223394, 5260905,
-12223670, 5260786,
-12224023, 5260470,
-12224466, 5260221,
-12225061, 5260637,
-12225286, 5260716,
-12225624, 5260498,
-12225715, 5260345,
-12225934, 5260122,
-12225983, 5259953,
-12225986, 5259673,
-12225937, 5259342,
-12225949, 5259223,
-12226123, 5259198,
-12226190, 5259144,
-12226195, 5258982,
-12226112, 5258817,
-12226088, 5258556,
-12226085, 5258233,
-12226197, 5257894,
-12226371, 5257766,
-12226597, 5257792,
-12226936, 5257875,
-12227238, 5257816,
-12227389, 5257632,
-12227960, 5257285,
-12228045, 5257155,
-12228067, 5256608,
-12228161, 5256242,
-12228163, 5255654,
-12228036, 5254997,
-12227998, 5254238,
-12227831, 5252706,
-12227802, 5252313,
-12228079, 5251583,
-12228713, 5250859,
-12228900, 5250524,
-12229422, 5249949,
-12229811, 5249877,
-12230195, 5249865,
-12230493, 5249778,
-12230668, 5249664,
-12230989, 5249529,
-12231181, 5249325,
-12231700, 5249132,
-12231926, 5249158,
-12232312, 5249263,
-12232709, 5249440,
-12233200, 5249559,
-12233567, 5249535,
-12234225, 5249278,
-12234370, 5249154,
-12234546, 5249143,
-12234699, 5249076,
-12235083, 5248771,
-12235207, 5248727,
-12235335, 5248572,
-12235558, 5248378,
-12235917, 5248105,
-12236173, 5247833,
-12236600, 5247125,
-12236752, 5246750,
-12236886, 5246555,
-12237137, 5246254,
-12237270, 5245955,
-12237279, 5245616,
-12237342, 5245446,
-12237509, 5245275,
-12237686, 5244970,
-12237722, 5244715,
-12237804, 5244468,
-12238074, 5244194,
-12238301, 5244131,
-12238819, 5244129,
-12239131, 5243937,
-12239501, 5243838,
-12239832, 5243775,
-12240041, 5243686,
-12240188, 5243576,
-12240765, 5243580,
-12241137, 5243789,
-12241764, 5244020,
-12242138, 5244244,
-12242331, 5244245,
-12242712, 5244344,
-12242864, 5244342,
-12242994, 5244290,
-12243070, 5244239,
-12243125, 5244179,
-12243114, 5243939,
-12243059, 5243771,
-12242785, 5243225,
-12242705, 5242987,
-12242615, 5242090,
-12242595, 5241653,
-12242534, 5241251,
-12242423, 5240901,
-12242392, 5240597,
-12242455, 5240222,
-12242645, 5239812,
-12242945, 5239739,
-12243398, 5239702,
-12243741, 5239622,
-12244069, 5239442,
-12244598, 5239115,
-12245146, 5238623,
-12245359, 5238563,
-12245742, 5238551,
-12245909, 5238482,
-12246303, 5238248,
-12246704, 5238057,
-12247226, 5237892,
-12247679, 5237855,
-12248063, 5237945,
-12248387, 5238132,
-12248655, 5238239,
-12248943, 5238387,
-12249240, 5238490,
-12249414, 5238464,
-12249626, 5238404,
-12250072, 5238514,
-12250320, 5238492,
-12250486, 5238511,
-12250686, 5238658,
-12250999, 5238773,
-12251271, 5238806,
-12251474, 5238981,
-12251759, 5239101,
-12252072, 5239113,
-12252221, 5239223,
-12252483, 5239287,
-12252545, 5239348,
-12252953, 5239357,
-12253033, 5239325,
-12253174, 5239211,
-12253215, 5239053,
-12253158, 5238777,
-12253131, 5238697,
-12252879, 5238337,
-12252776, 5237856,
-12252831, 5237461,
-12252903, 5236577,
-12252711, 5236118,
-12252462, 5235687,
-12252147, 5235368,
-12251986, 5235250,
-12251650, 5234791,
-12251316, 5234069,
-12251190, 5233641,
-12251245, 5233186,
-12251290, 5232529,
-12250787, 5231365,
-12250751, 5231126,
-12250994, 5230156,
-12250987, 5229833,
-12251007, 5229424,
-12251315, 5228607,
-12251566, 5227555,
-12251677, 5227336,
-12251867, 5227105,
-12252318, 5226835,
-12252498, 5226666,
-12252610, 5226325,
-12253108, 5225683,
-12253279, 5225191,
-12253246, 5224973,
-12253159, 5224661,
-12253093, 5224225,
-12253068, 5223924,
-12253104, 5223756,
-12253411, 5223346,
-12253726, 5222853,
-12254445, 5222057,
-12254599, 5221851,
-12254552, 5221270,
-12254853, 5220820,
-12255057, 5220546,
-12255092, 5220237,
-12254947, 5219954,
-12255058, 5219735,
-12255248, 5219504,
-12255775, 5219467,
-12256476, 5219505,
-12257436, 5219626,
-12258054, 5219920,
-12258560, 5220291,
-12259007, 5220671,
-12259526, 5220858,
-12259931, 5220960,
-12260273, 5221193,
-12260715, 5221269,
-12261175, 5221607,
-12261232, 5221984,
-12261389, 5222204,
-12261459, 5222396,
-12261771, 5222837,
-12261844, 5223014,
-12262049, 5223181,
-12262209, 5223563,
-12262490, 5224069,
-12262608, 5224173,
-12263377, 5224242,
-12263767, 5224387,
-12264167, 5224591,
-12264840, 5224978,
-12265214, 5225145,
-12265666, 5225159,
-12266042, 5225205,
-12266490, 5225320,
-12266849, 5225389,
-12267291, 5225607,
-12268211, 5225997,
-12268678, 5225968,
-12269172, 5226118,
-12269866, 5226237,
-12270114, 5226119,
-12270843, 5225523,
-12271331, 5225227,
-12271873, 5225024,
-12272314, 5224958,
-12272684, 5224964,
-12272845, 5225081,
-12272841, 5225326,
-12272739, 5225463,
-12272505, 5225538,
-12272354, 5225622,
-12272278, 5225796,
-12272176, 5225933,
-12271951, 5226068,
-12271657, 5226294,
-12271640, 5226581,
-12271804, 5226719,
-12272191, 5226702,
-12272582, 5226582,
-12273390, 5226238,
-12273628, 5225918,
-12273858, 5225681,
-12274651, 5225501,
-12275039, 5225362,
-12275356, 5225294,
-12275571, 5225221,
-12275853, 5225057,
-12276110, 5224998,
-12276451, 5224947,
-12277441, 5225123,
-12277978, 5225022,
-12278174, 5224830,
-12278340, 5224583,
-12278482, 5224764,
-12278592, 5224950,
-12278758, 5224966,
-12279066, 5225102,
-12279378, 5225665,
-12279478, 5226055,
-12279458, 5226322,
-12279482, 5226745,
-12279550, 5227060,
-12279697, 5227484,
-12279886, 5228451,
-12280147, 5229082,
-12280386, 5229574,
-12280554, 5229732,
-12280799, 5229857,
-12281170, 5230004,
-12281499, 5230280,
-12281644, 5231091,
-12281742, 5231462,
-12281860, 5231830,
-12282180, 5232452,
-12282311, 5232900,
-12282359, 5233218,
-12282552, 5233941,
-12282809, 5234146,
-12282980, 5234323,
-12283031, 5234519,
-12283218, 5234673,
-12283489, 5234836,
-12283879, 5234838,
-12284303, 5234794,
-12284820, 5234489,
-12284986, 5234182,
-12285080, 5234056,
-12285494, 5233346,
-12285323, 5232660,
-12285427, 5232061,
-12285943, 5231213,
-12286136, 5230827,
-12286464, 5230385,
-12286708, 5230098,
-12286700, 5229813,
-12286641, 5229430,
-12286241, 5229169,
-12285889, 5229222,
-12285591, 5229160,
-12285464, 5229036,
-12285351, 5228768,
-12285327, 5228379,
-12285258, 5227926,
-12285258, 5227462,
-12285407, 5227261,
-12286006, 5226707,
-12286134, 5226366,
-12286043, 5225774,
-12285808, 5225417,
-12285284, 5224818,
-12284866, 5224203,
-12284358, 5223709,
-12283146, 5223321,
-12282174, 5222148,
-12281908, 5221582,
-12281771, 5220926,
-12281689, 5220154,
-12282222, 5219646,
-12282350, 5219306,
-12282232, 5219003,
-12282021, 5218571,
-12281517, 5217863,
-12280854, 5216822,
-12280652, 5216211,
-12280798, 5215049,
-12280937, 5214316,
-12281427, 5213992,
-12282020, 5213404,
-12282037, 5213046,
-12282522, 5212225,
-12282591, 5211502,
-12282844, 5211037,
-12282766, 5210764,
-12282777, 5210370,
-12282673, 5209923,
-12282830, 5209543,
-12282777, 5209195,
-12282515, 5208665,
-12282684, 5208355,
-12282625, 5207972,
-12282677, 5207608,
-12282902, 5206969,
-12283254, 5206453,
-12283870, 5206254,
-12284322, 5206150,
-12284525, 5205835,
-12284720, 5205236,
-12285291, 5204509,
-12285768, 5203868,
-12285722, 5203341,
-12285828, 5202862,
-12286045, 5202403,
-12286478, 5201946,
-12286485, 5201839,
-12286767, 5201589,
-12287473, 5201130,
-12287879, 5200739,
-12288376, 5200225,
-12288976, 5199651,
-12289241, 5199221,
-12289474, 5198565,
-12289496, 5198276,
-12289325, 5197885,
-12289052, 5197553,
-12288882, 5197315,
-12288807, 5196974,
-12288809, 5196557,
-12288982, 5196092,
-12289192, 5195730,
-12289653, 5195265,
-12289840, 5195040,
-12289976, 5194948,
-12290142, 5194781,
-12290266, 5194552,
-12290278, 5194287,
-12290051, 5193848,
-12296720, 5187226,
-12297701, 5186864,
-12297985, 5186667,
-12298770, 5186279,
-12299901, 5185206,
-12301229, 5184035,
-12302509, 5182423,
-12303444, 5181349,
-12304916, 5180278,
-12306190, 5179794,
-12307706, 5179606,
-12309516, 5179272,
-12312106, 5179235,
-12313474, 5179290,
-12314647, 5179296,
-12316797, 5179501,
-12318946, 5179804,
-12320949, 5180204,
-12322854, 5180457,
-12324757, 5181444,
-12326122, 5182528,
-12327146, 5183366,
-12327682, 5184251,
-12328267, 5184743,
-12328415, 5184923,
-12331207, 5185304,
-12340437, 5181295,
-12341134, 5181092,
-12342552, 5180947,
-12343775, 5180459,
-12344899, 5180068,
-12345437, 5180068,
-12345599, 5179928,
-12351878, 5178883,
-12352238, 5179047,
-12352610, 5179241,
-12352809, 5179421,
-12352965, 5179860,
-12352983, 5180237,
-12353044, 5180354,
-12353661, 5180423,
-12354661, 5180266,
-12354753, 5179978,
-12355523, 5180338,
-12357067, 5180666,
-12358144, 5180782,
-12359239, 5180705,
-12360513, 5180551,
-12361498, 5180395,
-12361867, 5180321,
-12361858, 5188786,
-12362534, 5189005,
-12363438, 5189037,
-12365028, 5188864,
-12366064, 5188330,
-12366644, 5187897,
-12368426, 5185228,
-12368793, 5184331,
-12370320, 5182564,
-12371041, 5182191,
-12371577, 5182063,
-12372367, 5182179,
-12373680, 5183588,
-12374101, 5184624,
-12374063, 5185873,
-12373670, 5187566,
-12373639, 5188589,
-12373943, 5189737,
-12375484, 5191153,
-12377280, 5191668,
-12379021, 5194002,
-12380158, 5195893,
-12379733, 5196643,
-12379265, 5200840,
-12379720, 5204501,
-12380150, 5205622,
-12381453, 5206306,
-12384239, 5208979,
-12386061, 5210797,
-12387350, 5212725,
-12387899, 5217016,
-12388119, 5218948,
-12388662, 5221094,
-12389312, 5223455,
-12390175, 5225278,
-12391574, 5227423,
-12391584, 5229895,
-12391491, 5233874,
-12392246, 5235054,
-12393964, 5235908,
-12397615, 5237506,
-12401817, 5241899,
-12402691, 5245232,
-12404848, 5247482,
-12406785, 5248442,
-12408619, 5250155,
-12410454, 5251976,
-12411967, 5253692,
-12412946, 5255841,
-12413171, 5257457,
-12413179, 5258880,
-12413382, 5259487,
-12413863, 5261313,
-12413981, 5262600,
-12416284, 5270237,
-12416752, 5274038,
-12416831, 5275303,
-12416322, 5277239,
-12415716, 5278484,
-12414912, 5279626,
-12414045, 5281076,
-12412233, 5284583,
-12412824, 5288049,
-12413710, 5291963,
-12413801, 5294058,
-12413532, 5295545,
-12412537, 5298392,
-12412065, 5298837,
-12409859, 5299922,
-12407494, 5302498,
-12407017, 5303173,
-12406755, 5304317,
-12406869, 5304672,
-12406867, 5304827,
-12406958, 5305244,
-12407235, 5305640,
-12410182, 5308798,
-12410697, 5310888,
-12410438, 5311916,
-12412237, 5313239,
-12415220, 5314740,
-12416641, 5315791,
-12417778, 5316170,
-12419008, 5317359,
-12419872, 5319344,
-12420503, 5325709,
-12420707, 5326638,
-12422265, 5328529,
-12424418, 5329632,
-12425207, 5330231,
-12427503, 5332447,
-12428226, 5333436,
-12428441, 5334019,
-12428794, 5334478,
-12428993, 5334843,
-12430509, 5338469,
-12432612, 5341647,
-12434132, 5345160,
-12434759, 5347606,
-12438008, 5351166,
-12438180, 5353486,
-12439056, 5355247,
-12439465, 5357342,
-12439281, 5360001,
-12438800, 5360798,
-12438652, 5362068,
-12439072, 5363703,
-12439852, 5364767,
-12441092, 5365959,
-12441641, 5367016,
-12441612, 5368176,
-12441137, 5368743,
-12440880, 5369779,
-12440859, 5370589,
-12441701, 5373860,
-12441680, 5374672,
-12441422, 5375710,
-12439987, 5377643,
-12438093, 5379449,
-12437509, 5379664,
-12436327, 5380676,
-12436302, 5381604,
-12436884, 5385917,
-12437126, 5387909,
-12437674, 5391168,
-12437352, 5399181,
-12437769, 5400938,
-12438661, 5402242,
-12439098, 5403302,
-12439349, 5404374,
-12439579, 5405664,
-12439240, 5406797,
-12438999, 5407140,
-12438176, 5407598,
-12438036, 5407597,
-12435503, 5407858,
-12434204, 5408753,
-12433103, 5410934,
-12432960, 5411979,
-12433042, 5412567,
-12433520, 5412695,
-12436223, 5411372,
-12437622, 5411061,
-12440219, 5409270,
-12441737, 5408845,
-12442200, 5408858,
-12443389, 5409894,
-12444791, 5411839,
-12445668, 5413842,
-12446008, 5414202,
-12447306, 5417966,
-12447371, 5419949,
-12447108, 5423438,
-12447154, 5424024,
-12446851, 5426817,
-12446245, 5427851,
-12444447, 5430020,
-12441955, 5432053,
-12433960, 5439889,
-12432988, 5441498,
-12432859, 5441960,
-12432133, 5442992,
-12431395, 5444491,
-12430102, 5449247,
-12429761, 5453216,
-12429855, 5453572,
-12430070, 5454745,
-12430499, 5456046,
-12430944, 5456877,
-12432309, 5458087,
-12433118, 5458343,
-12436719, 5458796,
-12438473, 5458611,
-12440228, 5458307,
-12443056, 5457610,
-12447391, 5456406,
-12451624, 5454636,
-12453984, 5453410,
-12454698, 5452843,
-12456350, 5451949,
-12458132, 5450475,
-12459230, 5448397,
-12461178, 5449734,
-12465110, 5450885,
-12469589, 5453685,
-12471554, 5454319,
-12474106, 5454847,
-12475376, 5455346,
-12478056, 5455408,
-12479672, 5456149,
-12481761, 5456432,
-12483259, 5457285,
-12488847, 5457645,
-12490352, 5458146,
-12492560, 5458429,
-12492777, 5459253,
-12492713, 5462413,
-12493126, 5465000,
-12493454, 5466062,
-12495390, 5468447,
-12495612, 5469037,
-12496404, 5470227,
-12496621, 5471051,
-12496043, 5476552,
-12495291, 5479116,
-12494350, 5485200,
-12494913, 5486268,
-12495714, 5487108,
-12496758, 5487025,
-12498860, 5491581,
-12498877, 5492654,
-12506111, 5499333,
-12506951, 5502851,
-12506681, 5503536,
-12506616, 5504146,
-12506247, 5505079,
-12507515, 5505212,
-12508410, 5508959,
-12509207, 5513961,
-12509951, 5515740,
-12512493, 5518206,
-12512499, 5518322,
-12513635, 5518746,
-12514928, 5519655,
-12517272, 5520896,
-12519817, 5523648,
-12520856, 5526485,
-12521205, 5529744,
-12520842, 5532201,
-12519862, 5535894,
-12518860, 5538422,
-12516926, 5540909,
-12515635, 5543618,
-12514461, 5546442,
-12513071, 5550265,
-12512878, 5550739,
-12512712, 5551962,
-12512817, 5558079,
-12512606, 5566728,
-12511262, 5572159,
-12508095, 5576180,
-12503150, 5581675,
-12502512, 5586740,
-12507472, 5592801,
-12505341, 5594643,
-12504266, 5595023,
-12504313, 5597914,
-12501477, 5600854,
-12499337, 5602335,
-12497523, 5601640,
-12496442, 5601657,
-12493542, 5600616,
-12492832, 5601351,
-12492132, 5602808,
-12492154, 5604255,
-12492902, 5606054,
-12493662, 5608576,
-12493695, 5610748,
-12492984, 5611483,
-12491180, 5611510,
-12491201, 5612959,
-12491589, 5614764,
-12490527, 5616229,
-12490549, 5617679,
-12491643, 5618387,
-12493087, 5618365,
-12494176, 5618711,
-12496744, 5621209,
-12499272, 5621169,
-12502151, 5620398,
-12503206, 5621570,
-12505192, 5621577,
-12505227, 5623681,
-12507660, 5625746,
-12513238, 5634723,
-12515620, 5646671,
-12515954, 5665590,
-12513431, 5687521,
-12506014, 5701171,
-12500471, 5707848,
-12497617, 5711921,
-12487109, 5717210,
-12480887, 5716200,
-12475064, 5717745,
-12471601, 5720128,
-12470588, 5721254,
-12468999, 5722812,
-12464409, 5729789,
-12455866, 5733736,
-12454297, 5734302,
-12446074, 5740465,
-12441400, 5744865,
-12441401, 5744768,
-12438009, 5747973,
-12437662, 5747646,
-12437262, 5747621,
-12436389, 5747644,
-12435990, 5747765,
-12434944, 5747952,
-12434645, 5748155,
-12434428, 5748448,
-12434283, 5748704,
-12434202, 5748923,
-12434031, 5749243,
-12433841, 5749426,
-12433723, 5749719,
-12433670, 5749948,
-12433535, 5750277,
-12433345, 5750561,
-12432882, 5750864,
-12432737, 5751075,
-12432692, 5751294,
-12432521, 5751715,
-12432467, 5751934,
-12432277, 5752127,
-12432077, 5752173,
-12431776, 5752084,
-12431403, 5752095,
-12430368, 5752701,
-12430187, 5752912,
-12430206, 5753122,
-12430370, 5753267,
-12430561, 5753358,
-12430790, 5753531,
-12430572, 5753705,
-12430308, 5753724,
-12429917, 5753826,
-12429717, 5753918,
-12429563, 5754166,
-12429437, 5754385,
-12429492, 5754705,
-12429621, 5754960,
-12429603, 5755179,
-12429358, 5755454,
-12429085, 5755428,
-12428858, 5755511,
-12428868, 5755830,
-12429061, 5756268,
-12428843, 5756662,
-12428479, 5756490,
-12428068, 5756108,
-12427776, 5756027,
-12427613, 5756137,
-12427632, 5756484,
-12427742, 5756703,
-12427843, 5756958,
-12427798, 5757233,
-12427545, 5757654,
-12427509, 5758047,
-12427119, 5758414,
-12426763, 5758050,
-12426453, 5758087,
-12426391, 5758453,
-12426000, 5758756,
-12425864, 5758921,
-12425692, 5759214,
-12425547, 5759544,
-12425384, 5759755,
-12424938, 5759948,
-12424721, 5760323,
-12424631, 5760598,
-12424495, 5760818,
-12424413, 5761129,
-12424387, 5761357,
-12424278, 5761695,
-12424243, 5761933,
-12424089, 5762491,
-12423972, 5762730,
-12423799, 5762913,
-12423045, 5763564,
-12422900, 5763867,
-12422663, 5764087,
-12422335, 5764097,
-12422144, 5763979,
-12422025, 5763779,
-12421878, 5763469,
-12421677, 5763241,
-12421458, 5763232,
-12421240, 5763389,
-12421177, 5763691,
-12420895, 5763956,
-12420805, 5764231,
-12420632, 5764424,
-12420003, 5763987,
-12419802, 5763932,
-12419547, 5763980,
-12419237, 5764136,
-12418965, 5764511,
-12419257, 5764675,
-12419185, 5765141,
-12418921, 5765325,
-12418712, 5765280,
-12418420, 5765089,
-12418183, 5765126,
-12417937, 5765346,
-12417920, 5765639,
-12417610, 5765905,
-12417000, 5766218,
-12416938, 5767032,
-12416893, 5767223,
-12416675, 5767371,
-12416483, 5767280,
-12416382, 5767070,
-12416209, 5766979,
-12416009, 5767034,
-12415890, 5767236,
-12415937, 5767820,
-12415664, 5768123,
-12415473, 5768261,
-12415145, 5768253,
-12414863, 5768665,
-12414653, 5768565,
-12414417, 5769142,
-12414317, 5769435,
-12414144, 5769600,
-12413944, 5769491,
-12413989, 5769299,
-12413973, 5768953,
-12413551, 5768980,
-12413396, 5768852,
-12413110, 5768847,
-12412676, 5769458,
-12412458, 5769613,
-12412002, 5769816,
-12411838, 5769990,
-12411593, 5770421,
-12411265, 5770668,
-12410664, 5771182,
-12410226, 5771604,
-12410090, 5771869,
-12409963, 5772062,
-12409799, 5772172,
-12409507, 5772291,
-12409061, 5772649,
-12408915, 5772842,
-12408787, 5773071,
-12408278, 5774298,
-12408151, 5774902,
-12408170, 5775598,
-12408152, 5775808,
-12408189, 5776184,
-12408207, 5776797,
-12408290, 5777181,
-12408436, 5777556,
-12408209, 5777950,
-12408191, 5778261,
-12408073, 5778984,
-12407955, 5779498,
-12407827, 5779782,
-12407435, 5780075,
-12407179, 5780094,
-12406960, 5780058,
-12406559, 5779912,
-12406394, 5779794,
-12406147, 5779327,
-12406019, 5779172,
-12405800, 5779035,
-12405517, 5778999,
-12405180, 5779146,
-12403993, 5779386,
-12403628, 5779505,
-12403391, 5779607,
-12402944, 5779836,
-12402835, 5780037,
-12402771, 5780276,
-12402960, 5780604,
-12403074, 5780878,
-12403353, 5781212,
-12403669, 5781638,
-12403737, 5781858,
-12403575, 5782061,
-12403432, 5782284,
-12403618, 5782510,
-12404200, 5782950,
-12404397, 5783296,
-12404363, 5783498,
-12404174, 5783657,
-12403905, 5783981,
-12403718, 5784360,
-12403642, 5784746,
-12403521, 5785216,
-12403506, 5785454,
-12403568, 5785939,
-12403671, 5786112,
-12403824, 5786613,
-12403851, 5787209,
-12403668, 5788459,
-12403673, 5788790,
-12403598, 5789267,
-12403608, 5789918,
-12403565, 5790148,
-12403413, 5790399,
-12403290, 5790693,
-12403040, 5791146,
-12402926, 5791414,
-12402575, 5791851,
-12402201, 5792535,
-12401822, 5793495,
-12401598, 5793847,
-12401336, 5794062,
-12400908, 5794169,
-12400573, 5794394,
-12400236, 5794473,
-12400157, 5794767,
-12400124, 5795016,
-12400341, 5796086,
-12400623, 5796660,
-12400645, 5796871,
-12400484, 5797140,
-12400313, 5797353,
-12400112, 5797384,
-12399538, 5796906,
-12399209, 5796929,
-12399139, 5797122,
-12398950, 5797309,
-12398735, 5797633,
-12398686, 5798102,
-12398369, 5798345,
-12398050, 5798423,
-12397502, 5798486,
-12397303, 5798627,
-12396784, 5798826,
-12396376, 5799089,
-12395976, 5799232,
-12395652, 5799641,
-12395388, 5799727,
-12395429, 5802087,
-12395082, 5802120,
-12395083, 5810270,
-12392069, 5810291,
-12391797, 5811289,
-12388081, 5816299,
-12388081, 5816448,
-12387971, 5816446,
-12387389, 5817232,
-12382967, 5820582,
-12378540, 5823560,
-12370781, 5825059,
-12364867, 5825437,
-12358213, 5825812,
-12353776, 5828408,
-12346747, 5831372,
-12339344, 5833588,
-12331197, 5835796,
-12323790, 5837257,
-12315266, 5839449,
-12310442, 5841036